Org, No, Freq
Google LLC,400,0.4237
Domains By Proxy,111,0.1176
None,89,0.0943
Privacy service provided by Withheld for Privacy ehf,57,0.0604
DNStination Inc.,54,0.0572
Whoisprotection.cc,33,0.0350
Whois Privacy Service,29,0.0307
Braze Inc.,22,0.0233
GLOBAL DOMAIN PRIVACY SERVICES INC,15,0.0159
"JSC ""Internet Projects""",14,0.0148
Arello Mobile,13,0.0138
Viafoura Inc.,9,0.0095
DATA REDACTED,9,0.0095
REDACTED FOR PRIVACY,9,0.0095
AbstractBrain srls,8,0.0085
Contact Privacy Inc,8,0.0085
Redacted for Privacy Purposes,8,0.0085
LLC Retail Rocket,7,0.0074
Amazon.com Inc.,11,0.0117
Netcore Solutions Pvt Ltd,4,0.0042
Akamai Technologies Inc.,4,0.0042
Salesforce.com Inc.,4,0.0042
Mindbox Ltd,2,0.0021
Registrant of mailzila.com,2,0.0021
Privacy Protect LLC (PrivacyProtect.org),2,0.0021
Whois Privacy Protection Service by onamae.com,2,0.0021
Exponea s.r.o.,2,0.0021
Navigos Group Vietnam JSC,2,0.0021
Adobe Inc.,1,0.0011
Quora Inc,1,0.0011
RECOMMEND OU,1,0.0011
SAS pass Culture,1,0.0011
Guangzhou NetEase Computer System Co. Ltd,1,0.0011
Gazeta.Ru JSC,1,0.0011
Amar Ujala Publications Ltd.,1,0.0011
"LLC ""CDN-video""",1,0.0011
Registrant of staticblitz.com,1,0.0011
edgemesh.com,1,0.0011
Proxy Protection LLC,1,0.0011
Whois Data Protection Sp. z o.o.,1,0.0011
Whois Privacy Protection Service by MuuMuuDomain,1,0.0011
BEST WEB LIMITED,1,0.0011
Overall, 944,1.0000